{
	"info": {
		"_postman_id": "73f08702-8fe0-43e3-800e-cfd9d732a7e9",
		"name": "Product",
		"schema": "https://schema.getpostman.com/json/collection/v2.1.0/collection.json",
		"_exporter_id": "21690665"
	},
	"item": [
		{
			"name": "Create",
			"request": {
				"method": "POST",
				"header": [],
				"url": {
					"raw": "http://127.0.0.1:8000/product",
					"protocol": "http",
					"host": [
						"127",
						"0",
						"0",
						"1"
					],
					"port": "8000",
					"path": [
						"product"
					]
				}
			},
			"response": [
				{
					"name": "Create",
					"originalRequest": {
						"method": "POST",
						"header": [],
						"url": {
							"raw": "http://127.0.0.1:8000/product",
							"protocol": "http",
							"host": [
								"127",
								"0",
								"0",
								"1"
							],
							"port": "8000",
							"path": [
								"product"
							]
						}
					},
					"status": "OK",
					"code": 200,
					"_postman_previewlanguage": "html",
					"header": [
						{
							"key": "Cache-Control",
							"value": "max-age=0, must-revalidate, private"
						},
						{
							"key": "Content-Type",
							"value": "text/html; charset=UTF-8"
						},
						{
							"key": "Date",
							"value": "Sat, 30 Jul 2022 18:56:45 GMT"
						},
						{
							"key": "Expires",
							"value": "Sat, 30 Jul 2022 18:56:45 GMT"
						},
						{
							"key": "X-Debug-Token",
							"value": "cc7f88"
						},
						{
							"key": "X-Debug-Token-Link",
							"value": "http://127.0.0.1:8000/_profiler/cc7f88"
						},
						{
							"key": "X-Robots-Tag",
							"value": "noindex"
						},
						{
							"key": "Content-Length",
							"value": "5"
						}
					],
					"cookie": [],
					"body": "asdas"
				}
			]
		},
		{
			"name": "ListAll",
			"request": {
				"method": "GET",
				"header": [],
				"url": {
					"raw": "http://127.0.0.1:8000/product",
					"protocol": "http",
					"host": [
						"127",
						"0",
						"0",
						"1"
					],
					"port": "8000",
					"path": [
						"product"
					]
				}
			},
			"response": [
				{
					"name": "ListAll",
					"originalRequest": {
						"method": "GET",
						"header": [],
						"url": {
							"raw": "http://127.0.0.1:8000/product",
							"protocol": "http",
							"host": [
								"127",
								"0",
								"0",
								"1"
							],
							"port": "8000",
							"path": [
								"product"
							]
						}
					},
					"status": "OK",
					"code": 200,
					"_postman_previewlanguage": "json",
					"header": [
						{
							"key": "Cache-Control",
							"value": "no-cache, private"
						},
						{
							"key": "Content-Type",
							"value": "application/json"
						},
						{
							"key": "Date",
							"value": "Sat, 30 Jul 2022 18:56:49 GMT"
						},
						{
							"key": "X-Debug-Token",
							"value": "6c6dec"
						},
						{
							"key": "X-Debug-Token-Link",
							"value": "http://127.0.0.1:8000/_profiler/6c6dec"
						},
						{
							"key": "X-Robots-Tag",
							"value": "noindex"
						},
						{
							"key": "Content-Length",
							"value": "101"
						}
					],
					"cookie": [],
					"body": "[\n    {\n        \"id\": 1,\n        \"name\": \"asadad    sd liste\",\n        \"piece\": 1,\n        \"price\": 14,\n        \"description\": \"POST methodu ile eklendim\"\n    }\n]"
				}
			]
		},
		{
			"name": "List",
			"request": {
				"method": "GET",
				"header": [],
				"url": {
					"raw": "http://127.0.0.1:8000/product/4",
					"protocol": "http",
					"host": [
						"127",
						"0",
						"0",
						"1"
					],
					"port": "8000",
					"path": [
						"product",
						"4"
					]
				}
			},
			"response": [
				{
					"name": "List",
					"originalRequest": {
						"method": "GET",
						"header": [],
						"url": {
							"raw": "http://127.0.0.1:8000/product/1",
							"protocol": "http",
							"host": [
								"127",
								"0",
								"0",
								"1"
							],
							"port": "8000",
							"path": [
								"product",
								"1"
							]
						}
					},
					"status": "OK",
					"code": 200,
					"_postman_previewlanguage": "json",
					"header": [
						{
							"key": "Cache-Control",
							"value": "no-cache, private"
						},
						{
							"key": "Content-Type",
							"value": "application/json"
						},
						{
							"key": "Date",
							"value": "Sat, 30 Jul 2022 18:57:16 GMT"
						},
						{
							"key": "X-Debug-Token",
							"value": "a8da27"
						},
						{
							"key": "X-Debug-Token-Link",
							"value": "http://127.0.0.1:8000/_profiler/a8da27"
						},
						{
							"key": "X-Robots-Tag",
							"value": "noindex"
						},
						{
							"key": "Content-Length",
							"value": "141"
						}
					],
					"cookie": [],
					"body": "[\n    {\n        \"status\": \"Successful Requests\",\n        \"data\": {\n            \"id\": 1,\n            \"name\": \"asadad    sd liste\",\n            \"piece\": 1,\n            \"price\": 14,\n            \"description\": \"POST methodu ile eklendim\"\n        }\n    }\n]"
				}
			]
		},
		{
			"name": "Update",
			"request": {
				"method": "PUT",
				"header": [],
				"url": {
					"raw": "http://127.0.0.1:8000/product/4",
					"protocol": "http",
					"host": [
						"127",
						"0",
						"0",
						"1"
					],
					"port": "8000",
					"path": [
						"product",
						"4"
					]
				}
			},
			"response": [
				{
					"name": "Update",
					"originalRequest": {
						"method": "PUT",
						"header": [],
						"url": {
							"raw": "http://127.0.0.1:8000/product/1",
							"protocol": "http",
							"host": [
								"127",
								"0",
								"0",
								"1"
							],
							"port": "8000",
							"path": [
								"product",
								"1"
							]
						}
					},
					"status": "OK",
					"code": 200,
					"_postman_previewlanguage": "json",
					"header": [
						{
							"key": "Cache-Control",
							"value": "max-age=0, must-revalidate, private"
						},
						{
							"key": "Content-Type",
							"value": "application/json"
						},
						{
							"key": "Date",
							"value": "Sat, 30 Jul 2022 18:57:22 GMT"
						},
						{
							"key": "Expires",
							"value": "Sat, 30 Jul 2022 18:57:22 GMT"
						},
						{
							"key": "X-Debug-Token",
							"value": "5a8755"
						},
						{
							"key": "X-Debug-Token-Link",
							"value": "http://127.0.0.1:8000/_profiler/5a8755"
						},
						{
							"key": "X-Robots-Tag",
							"value": "noindex"
						},
						{
							"key": "Content-Length",
							"value": "32"
						}
					],
					"cookie": [],
					"body": "{\n    \"status\": \"Successful Requests\"\n}"
				}
			]
		},
		{
			"name": "Delete",
			"request": {
				"method": "DELETE",
				"header": [],
				"url": {
					"raw": "http://127.0.0.1:8000/product/5",
					"protocol": "http",
					"host": [
						"127",
						"0",
						"0",
						"1"
					],
					"port": "8000",
					"path": [
						"product",
						"5"
					]
				}
			},
			"response": [
				{
					"name": "Delete",
					"originalRequest": {
						"method": "DELETE",
						"header": [],
						"url": {
							"raw": "http://127.0.0.1:8000/product/1",
							"protocol": "http",
							"host": [
								"127",
								"0",
								"0",
								"1"
							],
							"port": "8000",
							"path": [
								"product",
								"1"
							]
						}
					},
					"status": "OK",
					"code": 200,
					"_postman_previewlanguage": "html",
					"header": [
						{
							"key": "Cache-Control",
							"value": "max-age=0, must-revalidate, private"
						},
						{
							"key": "Content-Type",
							"value": "text/html; charset=UTF-8"
						},
						{
							"key": "Date",
							"value": "Sat, 30 Jul 2022 18:57:29 GMT"
						},
						{
							"key": "Expires",
							"value": "Sat, 30 Jul 2022 18:57:29 GMT"
						},
						{
							"key": "X-Debug-Token",
							"value": "803b2a"
						},
						{
							"key": "X-Debug-Token-Link",
							"value": "http://127.0.0.1:8000/_profiler/803b2a"
						},
						{
							"key": "X-Robots-Tag",
							"value": "noindex"
						},
						{
							"key": "Content-Length",
							"value": "5"
						}
					],
					"cookie": [],
					"body": "asdas"
				}
			]
		}
	]
}